id,Side Dish
1,Mac & Cheese
2,Salad
4,Salad
5,Cornbread
6,Salad
8,Salad
9,Squash
10,Squash
12,Mac & Cheese
13,Mac & Cheese
15,Salad
16,Salad
17,Rolls
18,Rolls
19,Green Beans
20,Green Beans
21,Mac & Cheese
22,Cornbread
23,Squash
24,Squash
25,Squash
26,Rolls
27,Green Beans
28,Mac & Cheese
29,Green Beans
30,Salad
31,Green Beans
32,Salad
33,Squash
34,Squash
35,Salad
36,Squash
37,Mac & Cheese
38,Green Beans
39,Rolls
40,Cornbread
41,Salad
42,Squash
44,Squash
45,Mac & Cheese
46,Green Beans
47,Mac & Cheese
48,Cornbread
49,Salad
50,Squash
51,Mac & Cheese
53,Salad
54,Mac & Cheese
55,Rolls
56,Salad
11,Mac & Cheese
72,Mac & Cheese